chip_id,fail_proba,decision,detail,ground_truth
CHIP_00000,0.014,reuse,high_frequency_computing,reuse
CHIP_00001,0.007,reuse,high_reliability_critical,reuse
CHIP_00002,0.011,reuse,high_frequency_computing,reuse
CHIP_00003,0.007,reuse,high_frequency_computing,reuse
CHIP_00004,0.005,reuse,power_efficient_device,reuse
CHIP_00005,0.005,reuse,high_reliability_critical,reuse
CHIP_00006,0.006,reuse,high_reliability_critical,reuse
CHIP_00007,0.03,reuse,high_reliability_critical,reuse
CHIP_00008,0.004,reuse,consumer_electronics,reuse
CHIP_00009,0.01,reuse,power_efficient_device,reuse
CHIP_00010,0.064,reuse,high_frequency_computing,reuse
CHIP_00011,0.015,reuse,high_frequency_computing,reuse
CHIP_00012,0.005,reuse,high_reliability_critical,reuse
CHIP_00013,0.837,repair,thermal_accumulation,repair
CHIP_00014,0.029,reuse,high_frequency_computing,reuse
CHIP_00015,0.009,reuse,high_reliability_critical,reuse
CHIP_00016,0.007,reuse,high_frequency_computing,reuse
CHIP_00017,0.049,reuse,power_efficient_device,reuse
CHIP_00018,0.262,reuse,high_frequency_computing,reuse
CHIP_00019,0.003,reuse,high_reliability_critical,reuse
CHIP_00020,0.006,reuse,power_efficient_device,reuse
CHIP_00021,0.006,reuse,power_efficient_device,reuse
CHIP_00022,0.008,reuse,high_frequency_computing,reuse
CHIP_00023,0.008,reuse,high_reliability_critical,reuse
CHIP_00024,0.004,reuse,high_frequency_computing,reuse
CHIP_00025,0.003,reuse,high_reliability_critical,reuse
CHIP_00026,0.409,repair,multi_param_combined,repair
CHIP_00027,0.003,reuse,high_reliability_critical,reuse
CHIP_00028,0.995,repair,noise_margin_insufficient,repair
CHIP_00029,0.003,reuse,high_reliability_critical,reuse
CHIP_00030,0.018,reuse,high_frequency_computing,reuse
CHIP_00031,0.003,reuse,high_reliability_critical,reuse
CHIP_00032,0.004,reuse,high_reliability_critical,reuse
CHIP_00033,0.003,reuse,power_efficient_device,reuse
CHIP_00034,0.019,reuse,high_frequency_computing,reuse
CHIP_00035,0.026,reuse,high_frequency_computing,reuse
CHIP_00036,0.99,reject,physical_damage,reject
CHIP_00037,0.036,reuse,power_efficient_device,reuse
CHIP_00038,0.01,reuse,power_efficient_device,reuse
CHIP_00039,0.037,reuse,high_frequency_computing,repair
CHIP_00040,0.33,repair,multi_param_combined,repair
CHIP_00041,0.006,reuse,high_frequency_computing,reuse
CHIP_00042,0.006,reuse,high_reliability_critical,reuse
CHIP_00043,0.995,reject,physical_damage,reject
CHIP_00044,0.004,reuse,consumer_electronics,reuse
CHIP_00045,0.99,reject,physical_damage,reject
CHIP_00046,0.011,reuse,high_frequency_computing,reuse
CHIP_00047,0.004,reuse,high_reliability_critical,reuse
CHIP_00048,0.638,repair,multi_param_combined,reuse
CHIP_00049,0.01,reuse,consumer_electronics,reuse
CHIP_00050,0.011,reuse,high_reliability_critical,reuse
CHIP_00051,0.192,reuse,high_frequency_computing,repair
CHIP_00052,0.02,reuse,power_efficient_device,reuse
CHIP_00053,0.004,reuse,high_reliability_critical,reuse
CHIP_00054,0.005,reuse,power_efficient_device,reuse
CHIP_00055,0.003,reuse,high_reliability_critical,reuse
CHIP_00056,0.004,reuse,power_efficient_device,reuse
CHIP_00057,0.019,reuse,high_frequency_computing,reuse
CHIP_00058,0.004,reuse,high_reliability_critical,reuse
CHIP_00059,0.01,reuse,high_frequency_computing,reuse
CHIP_00060,0.993,reject,physical_damage,reject
CHIP_00061,0.004,reuse,power_efficient_device,reuse
CHIP_00062,0.023,reuse,power_efficient_device,reuse
CHIP_00063,0.578,reject,physical_damage,reject
CHIP_00064,0.006,reuse,high_frequency_computing,reuse
CHIP_00065,0.877,repair,multi_param_combined,repair
CHIP_00066,0.003,reuse,high_frequency_computing,repair
CHIP_00067,0.005,reuse,power_efficient_device,reuse
CHIP_00068,0.017,reuse,high_frequency_computing,reuse
CHIP_00069,0.003,reuse,power_efficient_device,reuse
CHIP_00070,0.004,reuse,power_efficient_device,reuse
CHIP_00071,0.006,reuse,power_efficient_device,reuse
CHIP_00072,0.005,reuse,power_efficient_device,reuse
CHIP_00073,0.079,reuse,high_frequency_computing,reuse
CHIP_00074,0.004,reuse,high_frequency_computing,reuse
CHIP_00075,0.49,reject,physical_damage,repair
CHIP_00076,0.02,reuse,high_reliability_critical,reuse
CHIP_00077,0.017,reuse,consumer_electronics,reuse
CHIP_00078,0.009,reuse,high_reliability_critical,reuse
CHIP_00079,0.009,reuse,high_reliability_critical,reuse
CHIP_00080,0.005,reuse,high_frequency_computing,reuse
CHIP_00081,0.004,reuse,power_efficient_device,reuse
CHIP_00082,0.006,reuse,high_reliability_critical,reuse
CHIP_00083,0.004,reuse,high_reliability_critical,reuse
CHIP_00084,0.003,reuse,power_efficient_device,reuse
CHIP_00085,0.003,reuse,high_reliability_critical,reuse
CHIP_00086,0.004,reuse,power_efficient_device,reuse
CHIP_00087,0.007,reuse,power_efficient_device,reuse
CHIP_00088,0.007,reuse,consumer_electronics,reuse
CHIP_00089,0.797,repair,multi_param_combined,repair
CHIP_00090,0.017,reuse,high_frequency_computing,reuse
CHIP_00091,0.003,reuse,high_reliability_critical,reuse
CHIP_00092,0.003,reuse,consumer_electronics,reuse
CHIP_00093,0.005,reuse,power_efficient_device,reuse
CHIP_00094,0.008,reuse,power_efficient_device,reuse
CHIP_00095,0.004,reuse,power_efficient_device,reuse
CHIP_00096,0.005,reuse,power_efficient_device,reuse
CHIP_00097,0.012,reuse,high_reliability_critical,reuse
CHIP_00098,0.684,repair,multi_param_combined,repair
CHIP_00099,0.004,reuse,power_efficient_device,reuse
CHIP_00100,0.006,reuse,high_reliability_critical,reuse
CHIP_00101,0.01,reuse,high_frequency_computing,reuse
CHIP_00102,0.033,reuse,consumer_electronics,reuse
CHIP_00103,0.025,reuse,high_frequency_computing,reuse
CHIP_00104,0.004,reuse,power_efficient_device,reuse
CHIP_00105,0.009,reuse,high_frequency_computing,reuse
CHIP_00106,0.012,reuse,high_reliability_critical,reuse
CHIP_00107,0.003,reuse,power_efficient_device,reuse
CHIP_00108,0.02,reuse,high_frequency_computing,reuse
CHIP_00109,0.004,reuse,power_efficient_device,reuse
CHIP_00110,0.041,reuse,high_frequency_computing,reuse
CHIP_00111,0.011,reuse,high_reliability_critical,reuse
CHIP_00112,0.005,reuse,power_efficient_device,reuse
CHIP_00113,0.021,reuse,power_efficient_device,reuse
CHIP_00114,0.008,reuse,high_reliability_critical,reuse
CHIP_00115,0.008,reuse,power_efficient_device,reuse
CHIP_00116,0.067,reuse,power_efficient_device,reuse
CHIP_00117,0.565,reject,physical_damage,reject
CHIP_00118,0.01,reuse,high_frequency_computing,reuse
CHIP_00119,0.01,reuse,high_reliability_critical,reuse
CHIP_00120,0.008,reuse,power_efficient_device,reuse
CHIP_00121,0.002,reuse,consumer_electronics,reuse
CHIP_00122,0.03,reuse,consumer_electronics,reuse
CHIP_00123,0.01,reuse,high_frequency_computing,reuse
CHIP_00124,0.078,reuse,high_frequency_computing,reuse
CHIP_00125,0.007,reuse,consumer_electronics,reuse
CHIP_00126,0.014,reuse,high_frequency_computing,reuse
CHIP_00127,0.005,reuse,power_efficient_device,reuse
CHIP_00128,0.004,reuse,power_efficient_device,reuse
CHIP_00129,0.004,reuse,power_efficient_device,reuse
CHIP_00130,0.005,reuse,high_frequency_computing,reuse
CHIP_00131,0.007,reuse,power_efficient_device,reuse
CHIP_00132,0.01,reuse,high_frequency_computing,reuse
CHIP_00133,0.003,reuse,power_efficient_device,reuse
CHIP_00134,0.008,reuse,power_efficient_device,reuse
CHIP_00135,0.016,reuse,power_efficient_device,reuse
CHIP_00136,0.063,reuse,high_reliability_critical,reuse
CHIP_00137,0.802,repair,multi_param_combined,repair
CHIP_00138,0.016,reuse,high_frequency_computing,reuse
CHIP_00139,0.017,reuse,high_frequency_computing,reuse
CHIP_00140,0.004,reuse,high_reliability_critical,reuse
CHIP_00141,0.016,reuse,power_efficient_device,reuse
CHIP_00142,0.048,reuse,power_efficient_device,reuse
CHIP_00143,0.002,reuse,high_frequency_computing,reuse
CHIP_00144,0.006,reuse,high_reliability_critical,reuse
CHIP_00145,0.003,reuse,power_efficient_device,reuse
CHIP_00146,0.01,reuse,high_reliability_critical,reuse
CHIP_00147,0.003,reuse,power_efficient_device,reuse
CHIP_00148,0.033,reuse,high_frequency_computing,reuse
CHIP_00149,0.016,reuse,high_frequency_computing,reuse
CHIP_00150,0.004,reuse,power_efficient_device,reuse
CHIP_00151,0.005,reuse,power_efficient_device,reuse
CHIP_00152,0.004,reuse,high_reliability_critical,reuse
CHIP_00153,0.015,reuse,high_reliability_critical,reuse
CHIP_00154,0.004,reuse,power_efficient_device,reuse
CHIP_00155,0.03,reuse,high_frequency_computing,reuse
CHIP_00156,0.002,reuse,consumer_electronics,reuse
CHIP_00157,0.027,reuse,high_frequency_computing,reuse
CHIP_00158,0.004,reuse,high_reliability_critical,reuse
CHIP_00159,0.011,reuse,high_reliability_critical,reuse
CHIP_00160,0.004,reuse,power_efficient_device,reuse
CHIP_00161,0.003,reuse,high_reliability_critical,reuse
CHIP_00162,0.014,reuse,high_frequency_computing,reuse
CHIP_00163,0.068,reuse,power_efficient_device,reuse
CHIP_00164,0.017,reuse,high_frequency_computing,reuse
CHIP_00165,0.008,reuse,power_efficient_device,reuse
CHIP_00166,0.014,reuse,high_frequency_computing,reuse
CHIP_00167,0.011,reuse,high_frequency_computing,reuse
CHIP_00168,0.994,reject,physical_damage,reject
CHIP_00169,0.035,reuse,consumer_electronics,reuse
CHIP_00170,0.003,reuse,power_efficient_device,reuse
CHIP_00171,0.992,repair,noise_margin_insufficient,repair
CHIP_00172,0.003,reuse,power_efficient_device,reuse
CHIP_00173,0.005,reuse,power_efficient_device,reuse
CHIP_00174,0.005,reuse,power_efficient_device,reuse
CHIP_00175,0.051,reuse,consumer_electronics,reuse
CHIP_00176,0.009,reuse,high_frequency_computing,reuse
CHIP_00177,0.004,reuse,high_frequency_computing,reuse
CHIP_00178,0.004,reuse,consumer_electronics,reuse
CHIP_00179,0.031,reuse,consumer_electronics,reuse
CHIP_00180,0.01,reuse,high_frequency_computing,reuse
CHIP_00181,0.025,reuse,consumer_electronics,reuse
CHIP_00182,0.003,reuse,power_efficient_device,reuse
CHIP_00183,0.021,reuse,high_frequency_computing,reuse
CHIP_00184,0.028,reuse,high_frequency_computing,reuse
CHIP_00185,0.02,reuse,high_frequency_computing,reuse
CHIP_00186,0.019,reuse,high_frequency_computing,reuse
CHIP_00187,0.031,reuse,power_efficient_device,reuse
CHIP_00188,0.005,reuse,power_efficient_device,reuse
CHIP_00189,0.014,reuse,high_frequency_computing,reuse
CHIP_00190,0.012,reuse,high_frequency_computing,reuse
CHIP_00191,0.003,reuse,power_efficient_device,reuse
CHIP_00192,0.004,reuse,high_reliability_critical,reuse
CHIP_00193,0.013,reuse,high_frequency_computing,reuse
CHIP_00194,0.004,reuse,power_efficient_device,reuse
CHIP_00195,0.004,reuse,power_efficient_device,reuse
CHIP_00196,0.012,reuse,high_frequency_computing,reuse
CHIP_00197,0.006,reuse,power_efficient_device,reuse
CHIP_00198,0.017,reuse,consumer_electronics,reuse
CHIP_00199,0.004,reuse,high_reliability_critical,reuse
CHIP_00200,0.004,reuse,high_frequency_computing,reuse
CHIP_00201,0.036,reuse,high_frequency_computing,reuse
CHIP_00202,0.043,reuse,consumer_electronics,reuse
CHIP_00203,0.006,reuse,consumer_electronics,reuse
CHIP_00204,0.013,reuse,high_reliability_critical,reuse
CHIP_00205,0.004,reuse,power_efficient_device,reuse
CHIP_00206,0.005,reuse,power_efficient_device,reuse
CHIP_00207,0.008,reuse,power_efficient_device,reuse
CHIP_00208,0.008,reuse,high_reliability_critical,reuse
CHIP_00209,0.003,reuse,power_efficient_device,reuse
CHIP_00210,0.023,reuse,high_frequency_computing,reuse
CHIP_00211,0.019,reuse,power_efficient_device,reuse
CHIP_00212,0.013,reuse,power_efficient_device,reuse
CHIP_00213,0.004,reuse,power_efficient_device,reuse
CHIP_00214,0.005,reuse,power_efficient_device,reuse
CHIP_00215,0.01,reuse,high_frequency_computing,reuse
CHIP_00216,0.017,reuse,high_frequency_computing,reuse
CHIP_00217,0.012,reuse,high_frequency_computing,reuse
CHIP_00218,0.011,reuse,power_efficient_device,reuse
CHIP_00219,0.004,reuse,power_efficient_device,reuse
CHIP_00220,0.013,reuse,high_reliability_critical,reuse
CHIP_00221,0.002,reuse,power_efficient_device,reuse
CHIP_00222,0.008,reuse,high_frequency_computing,reuse
CHIP_00223,0.158,reuse,power_efficient_device,reuse
CHIP_00224,0.009,reuse,consumer_electronics,reuse
CHIP_00225,0.004,reuse,high_frequency_computing,reuse
CHIP_00226,0.488,repair,multi_param_combined,reuse
CHIP_00227,0.014,reuse,high_frequency_computing,reuse
CHIP_00228,0.383,repair,multi_param_combined,reuse
CHIP_00229,0.014,reuse,power_efficient_device,reuse
CHIP_00230,0.007,reuse,power_efficient_device,reuse
CHIP_00231,0.007,reuse,consumer_electronics,reuse
CHIP_00232,0.016,reuse,consumer_electronics,reuse
CHIP_00233,0.094,reuse,high_frequency_computing,reuse
CHIP_00234,0.003,reuse,power_efficient_device,reuse
CHIP_00235,0.011,reuse,power_efficient_device,reuse
CHIP_00236,0.004,reuse,power_efficient_device,reuse
CHIP_00237,0.005,reuse,power_efficient_device,reuse
CHIP_00238,0.005,reuse,high_reliability_critical,reuse
CHIP_00239,0.003,reuse,high_reliability_critical,reuse
CHIP_00240,0.012,reuse,high_reliability_critical,reuse
CHIP_00241,0.003,reuse,high_reliability_critical,reuse
CHIP_00242,0.008,reuse,power_efficient_device,reuse
CHIP_00243,0.007,reuse,power_efficient_device,reuse
CHIP_00244,0.988,repair,thermal_accumulation,repair
CHIP_00245,0.005,reuse,power_efficient_device,reuse
CHIP_00246,0.005,reuse,power_efficient_device,reuse
CHIP_00247,0.015,reuse,high_frequency_computing,reuse
CHIP_00248,0.114,reuse,high_frequency_computing,reuse
CHIP_00249,0.006,reuse,power_efficient_device,reuse
CHIP_00250,0.025,reuse,power_efficient_device,reuse
CHIP_00251,0.004,reuse,high_reliability_critical,reuse
CHIP_00252,0.01,reuse,high_frequency_computing,reuse
CHIP_00253,0.005,reuse,high_reliability_critical,reuse
CHIP_00254,0.004,reuse,power_efficient_device,reuse
CHIP_00255,0.081,reuse,power_efficient_device,reuse
CHIP_00256,0.002,reuse,power_efficient_device,reuse
CHIP_00257,0.01,reuse,power_efficient_device,reuse
CHIP_00258,0.005,reuse,power_efficient_device,reuse
CHIP_00259,0.017,reuse,high_reliability_critical,reuse
CHIP_00260,0.006,reuse,high_reliability_critical,reuse
CHIP_00261,0.007,reuse,consumer_electronics,reuse
CHIP_00262,0.004,reuse,consumer_electronics,reuse
CHIP_00263,0.943,repair,noise_margin_insufficient,repair
CHIP_00264,0.942,repair,multi_param_combined,repair
CHIP_00265,0.073,reuse,high_frequency_computing,repair
CHIP_00266,0.005,reuse,high_frequency_computing,reuse
CHIP_00267,0.159,reuse,consumer_electronics,reuse
CHIP_00268,0.019,reuse,high_frequency_computing,reuse
CHIP_00269,0.003,reuse,high_reliability_critical,reuse
CHIP_00270,0.015,reuse,power_efficient_device,reuse
CHIP_00271,0.003,reuse,power_efficient_device,reuse
CHIP_00272,0.005,reuse,high_frequency_computing,reuse
CHIP_00273,0.023,reuse,high_frequency_computing,reuse
CHIP_00274,0.016,reuse,high_frequency_computing,reuse
CHIP_00275,0.003,reuse,power_efficient_device,reuse
CHIP_00276,0.995,reject,physical_damage,reject
CHIP_00277,0.004,reuse,power_efficient_device,reuse
CHIP_00278,0.014,reuse,high_frequency_computing,reuse
CHIP_00279,0.013,reuse,power_efficient_device,reuse
CHIP_00280,0.006,reuse,high_frequency_computing,reuse
CHIP_00281,0.003,reuse,power_efficient_device,reuse
CHIP_00282,0.025,reuse,high_frequency_computing,reuse
CHIP_00283,0.004,reuse,high_frequency_computing,reuse
CHIP_00284,0.012,reuse,power_efficient_device,reuse
CHIP_00285,0.003,reuse,power_efficient_device,reuse
CHIP_00286,0.006,reuse,high_reliability_critical,reuse
CHIP_00287,0.004,reuse,power_efficient_device,reuse
CHIP_00288,0.004,reuse,power_efficient_device,reuse
CHIP_00289,0.004,reuse,power_efficient_device,reuse
CHIP_00290,0.005,reuse,power_efficient_device,reuse
CHIP_00291,0.005,reuse,high_reliability_critical,reuse
CHIP_00292,0.009,reuse,high_frequency_computing,reuse
CHIP_00293,0.308,reject,physical_damage,reject
CHIP_00294,0.01,reuse,power_efficient_device,reuse
CHIP_00295,0.004,reuse,power_efficient_device,reuse
CHIP_00296,0.005,reuse,high_frequency_computing,reuse
CHIP_00297,0.004,reuse,high_reliability_critical,reuse
CHIP_00298,0.004,reuse,power_efficient_device,reuse
CHIP_00299,0.016,reuse,high_frequency_computing,reuse
CHIP_00300,0.012,reuse,high_frequency_computing,reuse
CHIP_00301,0.927,repair,multi_param_combined,reuse
CHIP_00302,0.045,reuse,high_frequency_computing,reuse
CHIP_00303,0.008,reuse,power_efficient_device,reuse
CHIP_00304,0.003,reuse,high_reliability_critical,reuse
CHIP_00305,0.002,reuse,high_reliability_critical,reuse
CHIP_00306,0.006,reuse,power_efficient_device,reuse
CHIP_00307,0.014,reuse,high_frequency_computing,reuse
CHIP_00308,0.016,reuse,high_reliability_critical,reuse
CHIP_00309,0.022,reuse,high_frequency_computing,reuse
CHIP_00310,0.014,reuse,high_frequency_computing,reuse
CHIP_00311,0.003,reuse,power_efficient_device,reuse
CHIP_00312,0.022,reuse,high_frequency_computing,reuse
CHIP_00313,0.009,reuse,consumer_electronics,reuse
CHIP_00314,0.053,reuse,high_frequency_computing,reuse
CHIP_00315,0.007,reuse,power_efficient_device,reuse
CHIP_00316,0.005,reuse,consumer_electronics,reuse
CHIP_00317,0.016,reuse,power_efficient_device,reuse
CHIP_00318,0.977,reject,physical_damage,reject
CHIP_00319,0.003,reuse,power_efficient_device,reuse
CHIP_00320,0.005,reuse,high_frequency_computing,reuse
CHIP_00321,0.008,reuse,high_reliability_critical,reuse
CHIP_00322,0.015,reuse,high_frequency_computing,reuse
CHIP_00323,0.007,reuse,high_frequency_computing,reuse
CHIP_00324,0.071,reuse,high_frequency_computing,reuse
CHIP_00325,0.298,reuse,high_frequency_computing,reuse
CHIP_00326,0.01,reuse,high_reliability_critical,reuse
CHIP_00327,0.033,reuse,power_efficient_device,reuse
CHIP_00328,0.005,reuse,high_reliability_critical,reuse
CHIP_00329,0.005,reuse,consumer_electronics,reuse
CHIP_00330,0.01,reuse,high_frequency_computing,reuse
CHIP_00331,0.976,reject,physical_damage,reject
CHIP_00332,0.026,reuse,power_efficient_device,reuse
CHIP_00333,0.004,reuse,power_efficient_device,reuse
CHIP_00334,0.005,reuse,consumer_electronics,reuse
CHIP_00335,0.007,reuse,high_reliability_critical,reuse
CHIP_00336,0.004,reuse,power_efficient_device,reuse
CHIP_00337,0.004,reuse,high_frequency_computing,reuse
CHIP_00338,0.059,reuse,high_frequency_computing,repair
CHIP_00339,0.016,reuse,consumer_electronics,reuse
CHIP_00340,0.03,reuse,high_reliability_critical,repair
CHIP_00341,0.007,reuse,power_efficient_device,reuse
CHIP_00342,0.003,reuse,power_efficient_device,reuse
CHIP_00343,0.04,reuse,high_reliability_critical,repair
CHIP_00344,0.125,reuse,high_frequency_computing,reject
CHIP_00345,0.047,reuse,power_efficient_device,reuse
CHIP_00346,0.005,reuse,high_reliability_critical,reuse
CHIP_00347,0.032,reuse,high_frequency_computing,reuse
CHIP_00348,0.011,reuse,power_efficient_device,reuse
CHIP_00349,0.022,reuse,high_frequency_computing,reuse
CHIP_00350,0.004,reuse,high_frequency_computing,reuse
CHIP_00351,0.026,reuse,high_frequency_computing,reuse
CHIP_00352,0.006,reuse,power_efficient_device,reuse
CHIP_00353,0.016,reuse,high_frequency_computing,reuse
CHIP_00354,0.015,reuse,high_frequency_computing,reuse
CHIP_00355,0.004,reuse,consumer_electronics,reuse
CHIP_00356,0.019,reuse,consumer_electronics,repair
CHIP_00357,0.025,reuse,high_frequency_computing,reuse
CHIP_00358,0.009,reuse,power_efficient_device,reuse
CHIP_00359,0.007,reuse,consumer_electronics,reuse
CHIP_00360,0.013,reuse,power_efficient_device,reuse
CHIP_00361,0.015,reuse,consumer_electronics,reuse
CHIP_00362,0.226,reuse,high_frequency_computing,repair
CHIP_00363,0.005,reuse,power_efficient_device,reuse
CHIP_00364,0.005,reuse,power_efficient_device,reuse
CHIP_00365,0.05,reuse,high_frequency_computing,reuse
CHIP_00366,0.003,reuse,power_efficient_device,reuse
CHIP_00367,0.004,reuse,power_efficient_device,reuse
CHIP_00368,0.004,reuse,high_reliability_critical,reuse
CHIP_00369,0.048,reuse,consumer_electronics,reuse
CHIP_00370,0.009,reuse,power_efficient_device,reuse
CHIP_00371,0.036,reuse,high_frequency_computing,reuse
CHIP_00372,0.028,reuse,high_frequency_computing,reuse
CHIP_00373,0.008,reuse,high_frequency_computing,reuse
CHIP_00374,0.039,reuse,high_frequency_computing,reuse
CHIP_00375,0.009,reuse,high_frequency_computing,reuse
CHIP_00376,0.013,reuse,high_frequency_computing,reuse
CHIP_00377,0.008,reuse,high_reliability_critical,reuse
CHIP_00378,0.011,reuse,high_frequency_computing,reuse
CHIP_00379,0.005,reuse,high_reliability_critical,reuse
CHIP_00380,0.48,repair,multi_param_combined,reuse
CHIP_00381,0.056,reuse,high_frequency_computing,reuse
CHIP_00382,0.008,reuse,power_efficient_device,reuse
CHIP_00383,0.004,reuse,power_efficient_device,reuse
CHIP_00384,0.012,reuse,power_efficient_device,reuse
CHIP_00385,0.004,reuse,power_efficient_device,reuse
CHIP_00386,0.013,reuse,high_frequency_computing,reuse
CHIP_00387,0.004,reuse,high_frequency_computing,reuse
CHIP_00388,0.016,reuse,high_frequency_computing,reuse
CHIP_00389,0.005,reuse,power_efficient_device,reuse
CHIP_00390,0.01,reuse,power_efficient_device,reuse
CHIP_00391,0.003,reuse,consumer_electronics,reuse
CHIP_00392,0.009,reuse,power_efficient_device,reuse
CHIP_00393,0.009,reuse,power_efficient_device,reuse
CHIP_00394,0.039,reuse,high_frequency_computing,reuse
CHIP_00395,0.004,reuse,high_reliability_critical,reuse
CHIP_00396,0.017,reuse,high_frequency_computing,reuse
CHIP_00397,0.099,reuse,high_frequency_computing,reuse
CHIP_00398,0.002,reuse,power_efficient_device,reuse
CHIP_00399,0.004,reuse,power_efficient_device,reuse
CHIP_00400,0.027,reuse,high_reliability_critical,reuse
CHIP_00401,0.002,reuse,high_reliability_critical,reuse
CHIP_00402,0.053,reuse,high_frequency_computing,reuse
CHIP_00403,0.006,reuse,power_efficient_device,reuse
CHIP_00404,0.033,reuse,consumer_electronics,reuse
CHIP_00405,0.008,reuse,high_reliability_critical,reuse
CHIP_00406,0.006,reuse,power_efficient_device,reuse
CHIP_00407,0.024,reuse,high_frequency_computing,reuse
CHIP_00408,0.013,reuse,high_reliability_critical,reuse
CHIP_00409,0.004,reuse,power_efficient_device,reuse
CHIP_00410,0.005,reuse,power_efficient_device,reuse
CHIP_00411,0.023,reuse,power_efficient_device,reuse
CHIP_00412,0.018,reuse,high_reliability_critical,reuse
CHIP_00413,0.016,reuse,high_frequency_computing,reuse
CHIP_00414,0.008,reuse,power_efficient_device,reuse
CHIP_00415,0.009,reuse,power_efficient_device,reuse
CHIP_00416,0.01,reuse,high_frequency_computing,reuse
CHIP_00417,0.029,reuse,high_frequency_computing,reuse
CHIP_00418,0.006,reuse,high_reliability_critical,reuse
CHIP_00419,0.093,reuse,high_frequency_computing,repair
CHIP_00420,0.004,reuse,power_efficient_device,reuse
CHIP_00421,0.003,reuse,power_efficient_device,reuse
CHIP_00422,0.006,reuse,high_reliability_critical,reuse
CHIP_00423,0.014,reuse,power_efficient_device,reuse
CHIP_00424,0.983,reject,physical_damage,reject
CHIP_00425,0.005,reuse,high_reliability_critical,reuse
CHIP_00426,0.016,reuse,high_frequency_computing,reuse
CHIP_00427,0.043,reuse,high_frequency_computing,repair
CHIP_00428,0.004,reuse,power_efficient_device,reuse
CHIP_00429,0.611,repair,multi_param_combined,repair
CHIP_00430,0.008,reuse,high_reliability_critical,reuse
CHIP_00431,0.008,reuse,high_reliability_critical,reuse
CHIP_00432,0.008,reuse,power_efficient_device,reuse
CHIP_00433,0.012,reuse,power_efficient_device,reuse
CHIP_00434,0.016,reuse,high_frequency_computing,reuse
CHIP_00435,0.005,reuse,high_reliability_critical,reuse
CHIP_00436,0.014,reuse,consumer_electronics,reuse
CHIP_00437,0.004,reuse,high_reliability_critical,reuse
CHIP_00438,0.003,reuse,high_reliability_critical,reuse
CHIP_00439,0.078,reuse,high_frequency_computing,reuse
CHIP_00440,0.005,reuse,high_reliability_critical,reuse
CHIP_00441,0.003,reuse,power_efficient_device,reuse
CHIP_00442,0.012,reuse,high_reliability_critical,reuse
CHIP_00443,0.018,reuse,high_frequency_computing,reuse
CHIP_00444,0.006,reuse,high_reliability_critical,reuse
CHIP_00445,0.125,reuse,power_efficient_device,reuse
CHIP_00446,0.023,reuse,high_frequency_computing,reuse
CHIP_00447,0.005,reuse,power_efficient_device,reuse
CHIP_00448,0.019,reuse,high_frequency_computing,reuse
CHIP_00449,0.011,reuse,high_frequency_computing,reuse
CHIP_00450,0.006,reuse,high_reliability_critical,reuse
CHIP_00451,0.094,reuse,power_efficient_device,reuse
CHIP_00452,0.021,reuse,consumer_electronics,reuse
CHIP_00453,0.025,reuse,high_frequency_computing,reuse
CHIP_00454,0.613,repair,multi_param_combined,reuse
CHIP_00455,0.022,reuse,consumer_electronics,reuse
CHIP_00456,0.022,reuse,high_frequency_computing,reuse
CHIP_00457,0.006,reuse,consumer_electronics,reuse
CHIP_00458,0.005,reuse,high_frequency_computing,reuse
CHIP_00459,0.004,reuse,power_efficient_device,reuse
CHIP_00460,0.009,reuse,high_frequency_computing,reuse
CHIP_00461,0.005,reuse,power_efficient_device,reuse
CHIP_00462,0.003,reuse,power_efficient_device,reuse
CHIP_00463,0.009,reuse,power_efficient_device,reuse
CHIP_00464,0.012,reuse,power_efficient_device,reuse
CHIP_00465,0.003,reuse,power_efficient_device,reuse
CHIP_00466,0.007,reuse,consumer_electronics,reuse
CHIP_00467,0.6,repair,thermal_accumulation,repair
CHIP_00468,0.097,reuse,high_frequency_computing,reuse
CHIP_00469,0.051,reuse,high_reliability_critical,repair
CHIP_00470,0.379,repair,multi_param_combined,repair
CHIP_00471,0.033,reuse,high_reliability_critical,reuse
CHIP_00472,0.005,reuse,power_efficient_device,repair
CHIP_00473,0.007,reuse,high_reliability_critical,reuse
CHIP_00474,0.005,reuse,high_frequency_computing,reuse
CHIP_00475,0.061,reuse,high_reliability_critical,repair
CHIP_00476,0.015,reuse,high_frequency_computing,reuse
CHIP_00477,0.005,reuse,power_efficient_device,reuse
CHIP_00478,0.008,reuse,high_reliability_critical,reuse
CHIP_00479,0.023,reuse,high_frequency_computing,repair
CHIP_00480,0.003,reuse,power_efficient_device,reuse
CHIP_00481,0.034,reuse,high_frequency_computing,reuse
CHIP_00482,0.042,reuse,consumer_electronics,reuse
CHIP_00483,0.018,reuse,high_frequency_computing,reuse
CHIP_00484,0.004,reuse,high_reliability_critical,reuse
CHIP_00485,0.02,reuse,consumer_electronics,reuse
CHIP_00486,0.003,reuse,power_efficient_device,reuse
CHIP_00487,0.008,reuse,power_efficient_device,reuse
CHIP_00488,0.006,reuse,power_efficient_device,reuse
CHIP_00489,0.007,reuse,high_frequency_computing,reuse
CHIP_00490,0.011,reuse,high_frequency_computing,reuse
CHIP_00491,0.008,reuse,high_frequency_computing,repair
CHIP_00492,0.006,reuse,high_reliability_critical,reuse
CHIP_00493,0.722,repair,noise_margin_insufficient,repair
CHIP_00494,0.008,reuse,power_efficient_device,reuse
CHIP_00495,0.017,reuse,high_frequency_computing,reuse
CHIP_00496,0.004,reuse,power_efficient_device,reuse
CHIP_00497,0.005,reuse,power_efficient_device,reuse
CHIP_00498,0.007,reuse,power_efficient_device,reuse
CHIP_00499,0.976,repair,noise_margin_insufficient,repair
CHIP_00500,0.011,reuse,high_frequency_computing,reuse
CHIP_00501,0.021,reuse,high_frequency_computing,reuse
CHIP_00502,0.005,reuse,power_efficient_device,reuse
CHIP_00503,0.887,repair,noise_margin_insufficient,repair
CHIP_00504,0.972,repair,noise_margin_insufficient,repair
CHIP_00505,0.003,reuse,power_efficient_device,reuse
CHIP_00506,0.025,reuse,high_frequency_computing,reuse
CHIP_00507,0.002,reuse,power_efficient_device,reuse
CHIP_00508,0.004,reuse,high_reliability_critical,reuse
CHIP_00509,0.005,reuse,consumer_electronics,reuse
CHIP_00510,0.007,reuse,high_reliability_critical,reuse
CHIP_00511,0.009,reuse,high_reliability_critical,reuse
CHIP_00512,0.017,reuse,consumer_electronics,reuse
CHIP_00513,0.007,reuse,power_efficient_device,reuse
CHIP_00514,0.01,reuse,high_frequency_computing,reuse
CHIP_00515,0.034,reuse,consumer_electronics,repair
CHIP_00516,0.953,repair,multi_param_combined,repair
CHIP_00517,0.002,reuse,power_efficient_device,reuse
CHIP_00518,0.003,reuse,high_reliability_critical,reuse
CHIP_00519,0.013,reuse,high_frequency_computing,reuse
CHIP_00520,0.005,reuse,high_reliability_critical,reuse
CHIP_00521,0.041,reuse,power_efficient_device,reuse
CHIP_00522,0.016,reuse,high_frequency_computing,reuse
CHIP_00523,0.003,reuse,high_reliability_critical,reuse
CHIP_00524,0.012,reuse,high_frequency_computing,reuse
CHIP_00525,0.003,reuse,high_reliability_critical,reuse
CHIP_00526,0.042,reuse,high_frequency_computing,reuse
CHIP_00527,0.068,reuse,high_reliability_critical,reuse
CHIP_00528,0.303,repair,noise_margin_insufficient,repair
CHIP_00529,0.032,reuse,high_frequency_computing,reuse
CHIP_00530,0.006,reuse,high_reliability_critical,reuse
CHIP_00531,0.005,reuse,consumer_electronics,reuse
CHIP_00532,0.005,reuse,consumer_electronics,reuse
CHIP_00533,0.006,reuse,high_frequency_computing,reuse
CHIP_00534,0.006,reuse,high_reliability_critical,reuse
CHIP_00535,0.011,reuse,high_frequency_computing,reuse
CHIP_00536,0.006,reuse,power_efficient_device,reuse
CHIP_00537,0.181,reuse,high_frequency_computing,repair
CHIP_00538,0.006,reuse,power_efficient_device,reuse
CHIP_00539,0.012,reuse,high_reliability_critical,reuse
CHIP_00540,0.006,reuse,power_efficient_device,reuse
CHIP_00541,0.01,reuse,power_efficient_device,reuse
CHIP_00542,0.012,reuse,high_reliability_critical,reuse
CHIP_00543,0.004,reuse,high_reliability_critical,reuse
CHIP_00544,0.016,reuse,high_reliability_critical,repair
CHIP_00545,0.239,reuse,consumer_electronics,reuse
CHIP_00546,0.002,reuse,high_frequency_computing,reuse
CHIP_00547,0.007,reuse,power_efficient_device,reuse
CHIP_00548,0.054,reuse,high_frequency_computing,reuse
CHIP_00549,0.008,reuse,high_frequency_computing,reuse
CHIP_00550,0.006,reuse,consumer_electronics,reuse
CHIP_00551,0.013,reuse,high_frequency_computing,reuse
CHIP_00552,0.024,reuse,consumer_electronics,reuse
CHIP_00553,0.031,reuse,high_frequency_computing,repair
CHIP_00554,0.005,reuse,consumer_electronics,reuse
CHIP_00555,0.02,reuse,power_efficient_device,reuse
CHIP_00556,0.164,reuse,high_reliability_critical,reuse
CHIP_00557,0.013,reuse,power_efficient_device,reuse
CHIP_00558,0.009,reuse,power_efficient_device,reuse
CHIP_00559,0.024,reuse,high_reliability_critical,repair
CHIP_00560,0.003,reuse,consumer_electronics,reuse
CHIP_00561,0.005,reuse,consumer_electronics,reuse
CHIP_00562,0.004,reuse,high_frequency_computing,reuse
CHIP_00563,0.013,reuse,high_reliability_critical,reuse
CHIP_00564,0.014,reuse,high_frequency_computing,reuse
CHIP_00565,0.04,reuse,high_frequency_computing,reuse
CHIP_00566,0.212,reuse,high_reliability_critical,reject
CHIP_00567,0.006,reuse,power_efficient_device,reuse
CHIP_00568,0.005,reuse,high_reliability_critical,reuse
CHIP_00569,0.006,reuse,power_efficient_device,reuse
CHIP_00570,0.002,reuse,high_reliability_critical,reuse
CHIP_00571,0.003,reuse,high_reliability_critical,reuse
CHIP_00572,0.005,reuse,high_frequency_computing,reuse
CHIP_00573,0.008,reuse,power_efficient_device,reuse
CHIP_00574,0.004,reuse,high_reliability_critical,reuse
CHIP_00575,0.004,reuse,power_efficient_device,reuse
CHIP_00576,0.021,reuse,high_frequency_computing,reuse
CHIP_00577,0.008,reuse,high_frequency_computing,reuse
CHIP_00578,0.009,reuse,high_reliability_critical,reuse
CHIP_00579,0.004,reuse,high_frequency_computing,reuse
CHIP_00580,0.008,reuse,high_reliability_critical,reuse
CHIP_00581,0.084,reuse,power_efficient_device,reuse
CHIP_00582,0.01,reuse,high_reliability_critical,reuse
CHIP_00583,0.007,reuse,power_efficient_device,reuse
CHIP_00584,0.986,reject,physical_damage,reject
CHIP_00585,0.635,reject,physical_damage,reject
CHIP_00586,0.01,reuse,high_reliability_critical,reuse
CHIP_00587,0.004,reuse,power_efficient_device,reuse
CHIP_00588,0.003,reuse,consumer_electronics,reuse
CHIP_00589,0.015,reuse,high_frequency_computing,reuse
CHIP_00590,0.009,reuse,high_reliability_critical,reuse
CHIP_00591,0.014,reuse,high_frequency_computing,reuse
CHIP_00592,0.108,reuse,high_frequency_computing,reuse
CHIP_00593,0.008,reuse,power_efficient_device,reuse
CHIP_00594,0.006,reuse,power_efficient_device,reuse
CHIP_00595,0.007,reuse,power_efficient_device,reuse
CHIP_00596,0.005,reuse,high_reliability_critical,reuse
CHIP_00597,0.007,reuse,high_frequency_computing,reuse
CHIP_00598,0.925,repair,noise_margin_insufficient,repair
CHIP_00599,0.005,reuse,high_reliability_critical,reuse
CHIP_00600,0.022,reuse,high_frequency_computing,reuse
CHIP_00601,0.005,reuse,power_efficient_device,reuse
CHIP_00602,0.013,reuse,consumer_electronics,reuse
CHIP_00603,0.006,reuse,power_efficient_device,reuse
CHIP_00604,0.003,reuse,power_efficient_device,reuse
CHIP_00605,0.026,reuse,consumer_electronics,reuse
CHIP_00606,0.026,reuse,consumer_electronics,repair
CHIP_00607,0.011,reuse,high_frequency_computing,reuse
CHIP_00608,0.005,reuse,power_efficient_device,reuse
CHIP_00609,0.015,reuse,high_frequency_computing,reuse
CHIP_00610,0.002,reuse,power_efficient_device,reuse
CHIP_00611,0.803,repair,multi_param_combined,repair
CHIP_00612,0.007,reuse,power_efficient_device,reuse
CHIP_00613,0.051,reuse,high_frequency_computing,reuse
CHIP_00614,0.015,reuse,power_efficient_device,reuse
CHIP_00615,0.86,reject,physical_damage,repair
CHIP_00616,0.011,reuse,high_frequency_computing,reuse
CHIP_00617,0.008,reuse,high_reliability_critical,reuse
CHIP_00618,0.781,repair,noise_margin_insufficient,repair
CHIP_00619,0.019,reuse,high_frequency_computing,reuse
CHIP_00620,0.004,reuse,power_efficient_device,reuse
CHIP_00621,0.005,reuse,power_efficient_device,reuse
CHIP_00622,0.003,reuse,power_efficient_device,reuse
CHIP_00623,0.004,reuse,high_reliability_critical,reuse
CHIP_00624,0.012,reuse,high_frequency_computing,reuse
CHIP_00625,0.009,reuse,power_efficient_device,reuse
CHIP_00626,0.003,reuse,power_efficient_device,reuse
CHIP_00627,0.025,reuse,high_frequency_computing,reuse
CHIP_00628,0.017,reuse,high_reliability_critical,reuse
CHIP_00629,0.008,reuse,power_efficient_device,reuse
CHIP_00630,0.975,repair,thermal_accumulation,repair
CHIP_00631,0.014,reuse,high_frequency_computing,reuse
CHIP_00632,0.006,reuse,high_reliability_critical,reuse
CHIP_00633,0.014,reuse,power_efficient_device,reuse
CHIP_00634,0.002,reuse,high_reliability_critical,reuse
CHIP_00635,0.003,reuse,power_efficient_device,reuse
CHIP_00636,0.005,reuse,high_reliability_critical,reuse
CHIP_00637,0.004,reuse,high_reliability_critical,reuse
CHIP_00638,0.01,reuse,consumer_electronics,reuse
CHIP_00639,0.017,reuse,high_frequency_computing,reuse
CHIP_00640,0.006,reuse,power_efficient_device,reuse
CHIP_00641,0.259,reuse,consumer_electronics,repair
CHIP_00642,0.012,reuse,high_frequency_computing,reuse
CHIP_00643,0.006,reuse,consumer_electronics,reuse
CHIP_00644,0.007,reuse,power_efficient_device,reuse
CHIP_00645,0.008,reuse,high_frequency_computing,reuse
CHIP_00646,0.01,reuse,consumer_electronics,reuse
CHIP_00647,0.01,reuse,high_reliability_critical,reuse
CHIP_00648,0.005,reuse,power_efficient_device,reuse
CHIP_00649,0.013,reuse,high_frequency_computing,reuse
CHIP_00650,0.012,reuse,high_frequency_computing,reuse
CHIP_00651,0.004,reuse,high_reliability_critical,reuse
CHIP_00652,0.276,reuse,high_frequency_computing,repair
CHIP_00653,0.005,reuse,power_efficient_device,reuse
CHIP_00654,0.018,reuse,high_frequency_computing,reuse
CHIP_00655,0.003,reuse,high_frequency_computing,reuse
CHIP_00656,0.007,reuse,power_efficient_device,reuse
CHIP_00657,0.015,reuse,high_reliability_critical,reuse
CHIP_00658,0.013,reuse,consumer_electronics,reuse
CHIP_00659,0.006,reuse,high_reliability_critical,reuse
CHIP_00660,0.692,repair,multi_param_combined,reuse
CHIP_00661,0.003,reuse,power_efficient_device,reuse
CHIP_00662,0.01,reuse,power_efficient_device,reuse
CHIP_00663,0.004,reuse,power_efficient_device,reuse
CHIP_00664,0.006,reuse,high_reliability_critical,reuse
CHIP_00665,0.012,reuse,high_reliability_critical,reuse
CHIP_00666,0.004,reuse,power_efficient_device,reuse
CHIP_00667,0.005,reuse,high_reliability_critical,reuse
CHIP_00668,0.014,reuse,power_efficient_device,reuse
CHIP_00669,0.011,reuse,power_efficient_device,reuse
CHIP_00670,0.011,reuse,high_frequency_computing,reuse
CHIP_00671,0.027,reuse,high_frequency_computing,reuse
CHIP_00672,0.004,reuse,consumer_electronics,reuse
CHIP_00673,0.014,reuse,power_efficient_device,reuse
CHIP_00674,0.005,reuse,high_frequency_computing,reuse
CHIP_00675,0.004,reuse,power_efficient_device,reuse
CHIP_00676,0.014,reuse,high_frequency_computing,reuse
CHIP_00677,0.01,reuse,high_reliability_critical,reuse
CHIP_00678,0.058,reuse,high_reliability_critical,repair
CHIP_00679,0.007,reuse,consumer_electronics,reuse
CHIP_00680,0.034,reuse,high_frequency_computing,reuse
CHIP_00681,0.705,repair,multi_param_combined,reuse
CHIP_00682,0.036,reuse,high_frequency_computing,reuse
CHIP_00683,0.006,reuse,power_efficient_device,reuse
CHIP_00684,0.003,reuse,power_efficient_device,reuse
CHIP_00685,0.006,reuse,power_efficient_device,reuse
CHIP_00686,0.014,reuse,high_frequency_computing,reuse
CHIP_00687,0.014,reuse,consumer_electronics,reuse
CHIP_00688,0.188,reuse,high_frequency_computing,reject
CHIP_00689,0.002,reuse,power_efficient_device,reuse
CHIP_00690,0.03,reuse,consumer_electronics,reuse
CHIP_00691,0.007,reuse,high_reliability_critical,reuse
CHIP_00692,0.012,reuse,high_frequency_computing,reuse
CHIP_00693,0.005,reuse,power_efficient_device,reuse
CHIP_00694,0.003,reuse,high_reliability_critical,reuse
CHIP_00695,0.004,reuse,power_efficient_device,reuse
CHIP_00696,0.005,reuse,high_reliability_critical,reuse
CHIP_00697,0.009,reuse,high_reliability_critical,reuse
CHIP_00698,0.003,reuse,power_efficient_device,reuse
CHIP_00699,0.007,reuse,power_efficient_device,reuse
CHIP_00700,0.012,reuse,high_frequency_computing,reuse
CHIP_00701,0.744,reject,physical_damage,reject
CHIP_00702,0.003,reuse,power_efficient_device,reuse
CHIP_00703,0.004,reuse,consumer_electronics,reuse
CHIP_00704,0.019,reuse,high_frequency_computing,reuse
CHIP_00705,0.005,reuse,power_efficient_device,reuse
CHIP_00706,0.013,reuse,power_efficient_device,reuse
CHIP_00707,0.003,reuse,power_efficient_device,reuse
CHIP_00708,0.028,reuse,consumer_electronics,reuse
CHIP_00709,0.041,reuse,power_efficient_device,reuse
CHIP_00710,0.005,reuse,high_reliability_critical,reuse
CHIP_00711,0.013,reuse,high_frequency_computing,reuse
CHIP_00712,0.009,reuse,power_efficient_device,reuse
CHIP_00713,0.003,reuse,power_efficient_device,reuse
CHIP_00714,0.006,reuse,high_reliability_critical,reuse
CHIP_00715,0.006,reuse,power_efficient_device,reuse
CHIP_00716,0.005,reuse,power_efficient_device,reuse
CHIP_00717,0.008,reuse,high_frequency_computing,reuse
CHIP_00718,0.003,reuse,high_frequency_computing,reuse
CHIP_00719,0.003,reuse,power_efficient_device,reuse
CHIP_00720,0.021,reuse,consumer_electronics,reuse
CHIP_00721,0.02,reuse,high_frequency_computing,reuse
CHIP_00722,0.007,reuse,power_efficient_device,reuse
CHIP_00723,0.008,reuse,power_efficient_device,reuse
CHIP_00724,0.009,reuse,power_efficient_device,repair
CHIP_00725,0.012,reuse,high_frequency_computing,reuse
CHIP_00726,0.005,reuse,power_efficient_device,reuse
CHIP_00727,0.015,reuse,high_frequency_computing,reuse
CHIP_00728,0.004,reuse,power_efficient_device,reuse
CHIP_00729,0.004,reuse,power_efficient_device,reuse
CHIP_00730,0.006,reuse,high_frequency_computing,reuse
CHIP_00731,0.008,reuse,high_frequency_computing,reuse
CHIP_00732,0.004,reuse,power_efficient_device,reuse
CHIP_00733,0.005,reuse,high_reliability_critical,reuse
CHIP_00734,0.003,reuse,high_frequency_computing,reuse
CHIP_00735,0.003,reuse,high_reliability_critical,reuse
CHIP_00736,0.021,reuse,high_frequency_computing,reuse
CHIP_00737,0.033,reuse,high_frequency_computing,reuse
CHIP_00738,0.01,reuse,power_efficient_device,reuse
CHIP_00739,0.014,reuse,high_reliability_critical,reuse
CHIP_00740,0.014,reuse,high_frequency_computing,reuse
CHIP_00741,0.014,reuse,high_frequency_computing,reuse
CHIP_00742,0.025,reuse,power_efficient_device,reuse
CHIP_00743,0.005,reuse,power_efficient_device,reuse
CHIP_00744,0.002,reuse,consumer_electronics,reuse
CHIP_00745,0.026,reuse,high_frequency_computing,reuse
CHIP_00746,0.026,reuse,high_frequency_computing,reuse
CHIP_00747,0.02,reuse,high_frequency_computing,reuse
CHIP_00748,0.005,reuse,power_efficient_device,reuse
CHIP_00749,0.005,reuse,power_efficient_device,reuse
CHIP_00750,0.005,reuse,power_efficient_device,reuse
CHIP_00751,0.012,reuse,high_reliability_critical,reuse
CHIP_00752,0.004,reuse,high_reliability_critical,reuse
CHIP_00753,0.649,repair,thermal_accumulation,repair
CHIP_00754,0.289,reuse,high_frequency_computing,reuse
CHIP_00755,0.015,reuse,high_frequency_computing,reuse
CHIP_00756,0.006,reuse,power_efficient_device,reuse
CHIP_00757,0.023,reuse,high_frequency_computing,reuse
CHIP_00758,0.022,reuse,consumer_electronics,reuse
CHIP_00759,0.008,reuse,power_efficient_device,reuse
CHIP_00760,0.058,reuse,high_frequency_computing,repair
CHIP_00761,0.862,repair,multi_param_combined,repair
CHIP_00762,0.008,reuse,high_frequency_computing,reuse
CHIP_00763,0.014,reuse,consumer_electronics,repair
CHIP_00764,0.003,reuse,consumer_electronics,reuse
CHIP_00765,0.003,reuse,power_efficient_device,reuse
CHIP_00766,0.003,reuse,power_efficient_device,reuse
CHIP_00767,0.006,reuse,high_reliability_critical,reuse
CHIP_00768,0.005,reuse,high_reliability_critical,reuse
CHIP_00769,0.048,reuse,high_frequency_computing,reuse
CHIP_00770,0.013,reuse,consumer_electronics,reuse
CHIP_00771,0.018,reuse,high_frequency_computing,reuse
CHIP_00772,0.003,reuse,power_efficient_device,reuse
CHIP_00773,0.013,reuse,high_frequency_computing,reuse
CHIP_00774,0.013,reuse,high_frequency_computing,reuse
CHIP_00775,0.404,repair,multi_param_combined,reuse
CHIP_00776,0.006,reuse,power_efficient_device,reuse
CHIP_00777,0.014,reuse,consumer_electronics,reuse
CHIP_00778,0.014,reuse,power_efficient_device,reuse
CHIP_00779,0.004,reuse,power_efficient_device,reuse
CHIP_00780,0.004,reuse,high_reliability_critical,reuse
CHIP_00781,0.007,reuse,power_efficient_device,reuse
CHIP_00782,0.045,reuse,high_frequency_computing,repair
CHIP_00783,0.018,reuse,high_frequency_computing,reuse
CHIP_00784,0.004,reuse,high_reliability_critical,reuse
CHIP_00785,0.007,reuse,high_frequency_computing,reuse
CHIP_00786,0.004,reuse,high_frequency_computing,reuse
CHIP_00787,0.004,reuse,high_reliability_critical,reuse
CHIP_00788,0.004,reuse,high_reliability_critical,reuse
CHIP_00789,0.007,reuse,high_frequency_computing,reuse
CHIP_00790,0.006,reuse,high_reliability_critical,reuse
CHIP_00791,0.004,reuse,power_efficient_device,reuse
CHIP_00792,0.018,reuse,consumer_electronics,reuse
CHIP_00793,0.01,reuse,consumer_electronics,reuse
CHIP_00794,0.004,reuse,power_efficient_device,reuse
CHIP_00795,0.006,reuse,power_efficient_device,reuse
CHIP_00796,0.017,reuse,high_frequency_computing,reuse
CHIP_00797,0.01,reuse,power_efficient_device,reuse
CHIP_00798,0.013,reuse,high_frequency_computing,reuse
CHIP_00799,0.007,reuse,consumer_electronics,reuse
CHIP_00800,0.003,reuse,high_reliability_critical,reuse
CHIP_00801,0.008,reuse,power_efficient_device,reuse
CHIP_00802,0.007,reuse,high_reliability_critical,reuse
CHIP_00803,0.004,reuse,high_reliability_critical,reuse
CHIP_00804,0.025,reuse,high_frequency_computing,reuse
CHIP_00805,0.03,reuse,high_frequency_computing,reuse
CHIP_00806,0.008,reuse,high_reliability_critical,reuse
CHIP_00807,0.014,reuse,consumer_electronics,repair
CHIP_00808,0.003,reuse,power_efficient_device,reuse
CHIP_00809,0.004,reuse,high_reliability_critical,reuse
CHIP_00810,0.005,reuse,consumer_electronics,reuse
CHIP_00811,0.013,reuse,high_reliability_critical,reuse
CHIP_00812,0.007,reuse,high_reliability_critical,reuse
CHIP_00813,0.003,reuse,power_efficient_device,reuse
CHIP_00814,0.004,reuse,high_reliability_critical,reuse
CHIP_00815,0.005,reuse,high_frequency_computing,reuse
CHIP_00816,0.006,reuse,power_efficient_device,reuse
CHIP_00817,0.004,reuse,power_efficient_device,reuse
CHIP_00818,0.017,reuse,high_frequency_computing,reuse
CHIP_00819,0.013,reuse,power_efficient_device,reuse
CHIP_00820,0.981,reject,physical_damage,repair
CHIP_00821,0.021,reuse,high_frequency_computing,reuse
CHIP_00822,0.004,reuse,high_reliability_critical,reuse
CHIP_00823,0.017,reuse,power_efficient_device,reuse
CHIP_00824,0.011,reuse,power_efficient_device,reuse
CHIP_00825,0.003,reuse,power_efficient_device,reuse
CHIP_00826,0.004,reuse,high_frequency_computing,reuse
CHIP_00827,0.013,reuse,consumer_electronics,reuse
CHIP_00828,0.017,reuse,high_frequency_computing,reuse
CHIP_00829,0.019,reuse,power_efficient_device,reuse
CHIP_00830,0.023,reuse,consumer_electronics,repair
CHIP_00831,0.061,reuse,high_frequency_computing,reuse
CHIP_00832,0.004,reuse,high_reliability_critical,reuse
CHIP_00833,0.003,reuse,power_efficient_device,reuse
CHIP_00834,0.006,reuse,power_efficient_device,reuse
CHIP_00835,0.006,reuse,power_efficient_device,reuse
CHIP_00836,0.002,reuse,high_reliability_critical,reuse
CHIP_00837,0.01,reuse,high_frequency_computing,reuse
CHIP_00838,0.028,reuse,high_frequency_computing,reuse
CHIP_00839,0.005,reuse,high_reliability_critical,reuse
CHIP_00840,0.069,reuse,high_frequency_computing,reuse
CHIP_00841,0.991,reject,physical_damage,reject
CHIP_00842,0.015,reuse,high_frequency_computing,reuse
CHIP_00843,0.005,reuse,high_frequency_computing,reuse
CHIP_00844,0.004,reuse,high_reliability_critical,reuse
CHIP_00845,0.005,reuse,consumer_electronics,reuse
CHIP_00846,0.023,reuse,high_frequency_computing,reuse
CHIP_00847,0.013,reuse,high_frequency_computing,reuse
CHIP_00848,0.004,reuse,high_reliability_critical,reuse
CHIP_00849,0.053,reuse,consumer_electronics,reuse
CHIP_00850,0.002,reuse,power_efficient_device,reuse
CHIP_00851,0.005,reuse,high_reliability_critical,reuse
CHIP_00852,0.016,reuse,high_frequency_computing,reuse
CHIP_00853,0.008,reuse,power_efficient_device,reuse
CHIP_00854,0.003,reuse,consumer_electronics,reuse
CHIP_00855,0.004,reuse,high_reliability_critical,reuse
CHIP_00856,0.618,repair,multi_param_combined,repair
CHIP_00857,0.023,reuse,high_reliability_critical,reuse
CHIP_00858,0.004,reuse,power_efficient_device,reuse
CHIP_00859,0.013,reuse,high_frequency_computing,reuse
CHIP_00860,0.004,reuse,power_efficient_device,reuse
CHIP_00861,0.006,reuse,power_efficient_device,reuse
CHIP_00862,0.003,reuse,power_efficient_device,reuse
CHIP_00863,0.011,reuse,power_efficient_device,reuse
CHIP_00864,0.004,reuse,high_reliability_critical,reuse
CHIP_00865,0.01,reuse,high_frequency_computing,reuse
CHIP_00866,0.008,reuse,power_efficient_device,reuse
CHIP_00867,0.007,reuse,high_reliability_critical,reuse
CHIP_00868,0.801,reject,physical_damage,reject
CHIP_00869,0.004,reuse,power_efficient_device,reuse
CHIP_00870,0.004,reuse,high_frequency_computing,reuse
CHIP_00871,0.009,reuse,power_efficient_device,reuse
CHIP_00872,0.017,reuse,high_reliability_critical,reuse
CHIP_00873,0.005,reuse,high_reliability_critical,reuse
CHIP_00874,0.066,reuse,power_efficient_device,reuse
CHIP_00875,0.007,reuse,power_efficient_device,reuse
CHIP_00876,0.006,reuse,power_efficient_device,reuse
CHIP_00877,0.002,reuse,high_frequency_computing,reuse
CHIP_00878,0.003,reuse,power_efficient_device,reuse
CHIP_00879,0.005,reuse,high_reliability_critical,reuse
CHIP_00880,0.031,reuse,high_reliability_critical,reuse
CHIP_00881,0.164,reuse,high_frequency_computing,reuse
CHIP_00882,0.032,reuse,power_efficient_device,reuse
CHIP_00883,0.013,reuse,high_reliability_critical,reuse
CHIP_00884,0.004,reuse,high_reliability_critical,reuse
CHIP_00885,0.003,reuse,high_frequency_computing,reuse
CHIP_00886,0.093,reuse,high_frequency_computing,repair
CHIP_00887,0.005,reuse,power_efficient_device,reuse
CHIP_00888,0.039,reuse,high_reliability_critical,reuse
CHIP_00889,0.011,reuse,power_efficient_device,reuse
CHIP_00890,0.003,reuse,power_efficient_device,reuse
CHIP_00891,0.01,reuse,power_efficient_device,reuse
CHIP_00892,0.005,reuse,power_efficient_device,reuse
CHIP_00893,0.004,reuse,high_reliability_critical,reuse
CHIP_00894,0.003,reuse,high_reliability_critical,reuse
CHIP_00895,0.012,reuse,high_frequency_computing,reuse
CHIP_00896,0.004,reuse,high_reliability_critical,reuse
CHIP_00897,0.004,reuse,high_reliability_critical,reuse
CHIP_00898,0.014,reuse,high_reliability_critical,reuse
CHIP_00899,0.02,reuse,high_reliability_critical,reuse
CHIP_00900,0.004,reuse,high_reliability_critical,reuse
CHIP_00901,0.007,reuse,consumer_electronics,reuse
CHIP_00902,0.003,reuse,power_efficient_device,reuse
CHIP_00903,0.019,reuse,high_frequency_computing,reuse
CHIP_00904,0.003,reuse,power_efficient_device,reuse
CHIP_00905,0.012,reuse,high_frequency_computing,repair
CHIP_00906,0.004,reuse,high_reliability_critical,reuse
CHIP_00907,0.006,reuse,high_reliability_critical,reuse
CHIP_00908,0.004,reuse,consumer_electronics,reuse
CHIP_00909,0.008,reuse,high_reliability_critical,reuse
CHIP_00910,0.004,reuse,power_efficient_device,reuse
CHIP_00911,0.011,reuse,high_frequency_computing,reuse
CHIP_00912,0.018,reuse,power_efficient_device,reuse
CHIP_00913,0.004,reuse,high_reliability_critical,reuse
CHIP_00914,0.026,reuse,high_frequency_computing,reuse
CHIP_00915,0.013,reuse,high_frequency_computing,reuse
CHIP_00916,0.023,reuse,high_frequency_computing,reuse
CHIP_00917,0.062,reuse,high_frequency_computing,reuse
CHIP_00918,0.012,reuse,consumer_electronics,reuse
CHIP_00919,0.007,reuse,high_reliability_critical,reuse
CHIP_00920,0.005,reuse,power_efficient_device,reuse
CHIP_00921,0.004,reuse,power_efficient_device,reuse
CHIP_00922,0.003,reuse,power_efficient_device,reuse
CHIP_00923,0.007,reuse,consumer_electronics,reuse
CHIP_00924,0.005,reuse,consumer_electronics,reuse
CHIP_00925,0.024,reuse,high_frequency_computing,reuse
CHIP_00926,0.007,reuse,high_reliability_critical,reuse
CHIP_00927,0.004,reuse,consumer_electronics,reuse
CHIP_00928,0.008,reuse,power_efficient_device,reuse
CHIP_00929,0.818,repair,thermal_accumulation,repair
CHIP_00930,0.018,reuse,high_reliability_critical,reuse
CHIP_00931,0.011,reuse,high_frequency_computing,repair
CHIP_00932,0.013,reuse,high_frequency_computing,reuse
CHIP_00933,0.014,reuse,high_frequency_computing,reuse
CHIP_00934,0.427,repair,multi_param_combined,reuse
CHIP_00935,0.011,reuse,high_reliability_critical,reuse
CHIP_00936,0.003,reuse,power_efficient_device,reuse
CHIP_00937,0.004,reuse,power_efficient_device,reuse
CHIP_00938,0.029,reuse,high_frequency_computing,reuse
CHIP_00939,0.009,reuse,high_frequency_computing,reuse
CHIP_00940,0.005,reuse,power_efficient_device,reuse
CHIP_00941,0.023,reuse,high_frequency_computing,reuse
CHIP_00942,0.866,repair,thermal_accumulation,repair
CHIP_00943,0.481,repair,multi_param_combined,reuse
CHIP_00944,0.005,reuse,power_efficient_device,reuse
CHIP_00945,0.01,reuse,power_efficient_device,reuse
CHIP_00946,0.003,reuse,high_frequency_computing,reuse
CHIP_00947,0.014,reuse,power_efficient_device,reuse
CHIP_00948,0.026,reuse,high_frequency_computing,reuse
CHIP_00949,0.089,reuse,high_reliability_critical,reuse
CHIP_00950,0.009,reuse,power_efficient_device,reuse
CHIP_00951,0.009,reuse,power_efficient_device,reuse
CHIP_00952,0.198,reuse,consumer_electronics,repair
CHIP_00953,0.002,reuse,power_efficient_device,reuse
CHIP_00954,0.004,reuse,power_efficient_device,reuse
CHIP_00955,0.01,reuse,high_frequency_computing,reuse
CHIP_00956,0.004,reuse,power_efficient_device,reuse
CHIP_00957,0.016,reuse,high_frequency_computing,reuse
CHIP_00958,0.006,reuse,consumer_electronics,reuse
CHIP_00959,0.019,reuse,high_frequency_computing,reuse
CHIP_00960,0.045,reuse,high_frequency_computing,reuse
CHIP_00961,0.003,reuse,power_efficient_device,reuse
CHIP_00962,0.007,reuse,high_reliability_critical,reuse
CHIP_00963,0.005,reuse,high_reliability_critical,reuse
CHIP_00964,0.669,reject,physical_damage,reject
CHIP_00965,0.628,repair,noise_margin_insufficient,repair
CHIP_00966,0.006,reuse,high_reliability_critical,reuse
CHIP_00967,0.018,reuse,power_efficient_device,reuse
CHIP_00968,0.012,reuse,consumer_electronics,reuse
CHIP_00969,0.023,reuse,high_frequency_computing,repair
CHIP_00970,0.024,reuse,power_efficient_device,reuse
CHIP_00971,0.004,reuse,high_reliability_critical,reuse
CHIP_00972,0.003,reuse,high_reliability_critical,reuse
CHIP_00973,0.928,repair,thermal_accumulation,repair
CHIP_00974,0.006,reuse,power_efficient_device,reuse
CHIP_00975,0.004,reuse,power_efficient_device,reuse
CHIP_00976,0.016,reuse,high_frequency_computing,reuse
CHIP_00977,0.984,reject,physical_damage,reject
CHIP_00978,0.005,reuse,power_efficient_device,reuse
CHIP_00979,0.024,reuse,high_frequency_computing,reuse
CHIP_00980,0.007,reuse,high_reliability_critical,reuse
CHIP_00981,0.039,reuse,power_efficient_device,reuse
CHIP_00982,0.005,reuse,high_reliability_critical,reuse
CHIP_00983,0.06,reuse,consumer_electronics,reuse
CHIP_00984,0.991,reject,physical_damage,reject
CHIP_00985,0.005,reuse,consumer_electronics,reuse
CHIP_00986,0.004,reuse,power_efficient_device,reuse
CHIP_00987,0.926,repair,multi_param_combined,repair
CHIP_00988,0.016,reuse,power_efficient_device,reuse
CHIP_00989,0.003,reuse,power_efficient_device,reuse
CHIP_00990,0.979,reject,physical_damage,reject
CHIP_00991,0.019,reuse,high_frequency_computing,reuse
CHIP_00992,0.558,repair,thermal_accumulation,repair
CHIP_00993,0.023,reuse,high_frequency_computing,reuse
CHIP_00994,0.01,reuse,consumer_electronics,reuse
CHIP_00995,0.115,reuse,high_frequency_computing,reuse
CHIP_00996,0.758,repair,multi_param_combined,repair
CHIP_00997,0.037,reuse,high_frequency_computing,reuse
CHIP_00998,0.996,reject,physical_damage,reject
CHIP_00999,0.02,reuse,high_frequency_computing,reuse
